,Area,1st Most Common Venue,2nd Most Common Venue,3rd Most Common Venue,4th Most Common Venue,5th Most Common Venue,6th Most Common Venue,7th Most Common Venue,8th Most Common Venue,9th Most Common Venue,10th Most Common Venue,Clusters
0,A F Rajokari,Stores,Shopping Mall,University,Sports,Restaurant,Pharmacy,Market,Hotel,High School,Commute,2
1,A G C R,Shopping Mall,Commute,University,Stores,Sports,Restaurant,Pharmacy,Market,Hotel,High School,1
2,A P S Colony,Sports,Hotel,University,Shopping Mall,Pharmacy,Market,Stores,Restaurant,High School,Commute,2
3,A T Mills,Restaurant,Hotel,University,Stores,Sports,Shopping Mall,Pharmacy,Market,High School,Commute,0
4,Adarsh Nagar,Commute,Sports,University,Stores,Shopping Mall,Restaurant,Pharmacy,Market,Hotel,High School,1
5,Ajmeri Gate Extension,Hotel,Market,Stores,Restaurant,University,Sports,Shopping Mall,Pharmacy,High School,Commute,0
6,Aliganj,Market,Sports,Restaurant,Commute,Hotel,University,Stores,Shopping Mall,Pharmacy,High School,2
7,Alipur,Restaurant,Commute,University,Stores,Sports,Shopping Mall,Pharmacy,Market,Hotel,High School,1
8,Amar Colony,Commute,Stores,Sports,University,Shopping Mall,Restaurant,Pharmacy,Market,Hotel,High School,1
9,Ambedkar Nagar,Stores,Hotel,Shopping Mall,Restaurant,Market,University,Sports,Pharmacy,High School,Commute,2
10,Ambrohi,Hotel,Restaurant,Stores,Commute,University,Sports,Shopping Mall,Pharmacy,Market,High School,0
11,Amrit Kaur Market,Hotel,Stores,Restaurant,Market,Commute,University,Sports,Shopping Mall,Pharmacy,High School,0
12,Anand Nagar,Commute,Sports,Market,Hotel,University,Stores,Shopping Mall,Restaurant,Pharmacy,High School,1
13,Anand Niketan,Sports,University,Stores,Restaurant,Market,Shopping Mall,Pharmacy,Hotel,High School,Commute,2
14,Anand Parbat,Commute,Sports,Market,Hotel,University,Stores,Shopping Mall,Restaurant,Pharmacy,High School,1
15,Anandvas Shakurpur,Shopping Mall,Commute,University,Stores,Sports,Restaurant,Pharmacy,Market,Hotel,High School,1
16,Anarkali,Commute,Sports,Shopping Mall,Market,University,Stores,Restaurant,Pharmacy,Hotel,High School,1
17,Andrews Ganj,Market,Stores,Sports,Restaurant,Commute,University,Shopping Mall,Pharmacy,Hotel,High School,2
18,Ansari Road,Market,Hotel,Stores,University,Sports,Shopping Mall,Restaurant,Pharmacy,High School,Commute,0
19,Arjan Garh,Restaurant,Hotel,Commute,University,Stores,Sports,Shopping Mall,Pharmacy,Market,High School,0
20,Army Base,Hotel,Commute,Sports,Market,University,Stores,Shopping Mall,Restaurant,Pharmacy,High School,0
21,Ashok Nagar,Sports,Commute,University,Stores,Shopping Mall,Restaurant,Pharmacy,Market,Hotel,High School,2
22,Ashok Vihar H O,Stores,Shopping Mall,Restaurant,ATM,University,Sports,Pharmacy,Market,Hotel,High School,2
23,Ashoka Hotel,Hotel,Commute,Market,University,Stores,Sports,Shopping Mall,Restaurant,Pharmacy,High School,0
24,Asian Games Village,Market,Restaurant,Sports,Stores,University,Shopping Mall,Pharmacy,Hotel,High School,Commute,2
25,Azad Nagar,Stores,Sports,Shopping Mall,Hotel,Commute,University,Restaurant,Pharmacy,Market,High School,2
26,B S F Camp Tigri,ATM,University,Stores,Sports,Shopping Mall,Restaurant,Pharmacy,Market,Hotel,High School,2
27,Badarpur,Commute,University,Stores,Sports,Shopping Mall,Restaurant,Pharmacy,Market,Hotel,High School,1
28,Badarpur T P Station,Commute,University,Stores,Sports,Shopping Mall,Restaurant,Pharmacy,Market,Hotel,High School,1
29,Badli,Stores,Hotel,Commute,University,Sports,Shopping Mall,Restaurant,Pharmacy,Market,High School,2
30,Balbir Nagar,Commute,Sports,Bank,University,Stores,Shopping Mall,Restaurant,Pharmacy,Market,Hotel,1
31,Bank Street,Hotel,Commute,Market,University,Stores,Sports,Shopping Mall,Restaurant,Pharmacy,High School,0
32,Bara Tooti,Hotel,Restaurant,Market,Stores,Commute,University,Sports,Shopping Mall,Pharmacy,High School,0
33,Bawana,Sports,University,Stores,Shopping Mall,Restaurant,Pharmacy,Market,Hotel,High School,Commute,2
34,Bazar Road,Hotel,Sports,Stores,Restaurant,Commute,Market,University,Shopping Mall,Pharmacy,High School,0
35,Bhaiparma Nand Nagar,ATM,Stores,University,Sports,Shopping Mall,Restaurant,Pharmacy,Market,Hotel,High School,2
36,Bhajan Pura,ATM,University,Stores,Sports,Shopping Mall,Restaurant,Pharmacy,Market,Hotel,High School,2
37,Bhajanpuri,ATM,University,Stores,Sports,Shopping Mall,Restaurant,Pharmacy,Market,Hotel,High School,2
38,Bharat Nagar,Hotel,Stores,Sports,Market,University,Shopping Mall,Restaurant,Pharmacy,High School,Commute,0
39,Bhola Nath Nagar,Sports,Hotel,Stores,Shopping Mall,Commute,University,Restaurant,Pharmacy,Market,High School,2
40,Bijwasan,Sports,University,Stores,Shopping Mall,Restaurant,Pharmacy,Market,Hotel,High School,Commute,2
41,Birla Lines,Stores,Sports,Commute,University,Shopping Mall,Restaurant,Pharmacy,Market,Hotel,High School,2
42,C C Institute,Restaurant,Commute,Sports,Shopping Mall,Bank,University,Stores,Pharmacy,Market,Hotel,2
43,C R P F Camp,Market,University,Stores,Sports,Shopping Mall,Restaurant,Pharmacy,Hotel,High School,Commute,2
44,C R R I,Hotel,Market,Restaurant,Stores,Commute,University,Sports,Shopping Mall,Pharmacy,High School,0
45,Central Kirti Nagar,Commute,Shopping Mall,Restaurant,Market,Hotel,University,Stores,Sports,Pharmacy,High School,1
46,Central Ordinance,Stores,Shopping Mall,University,Sports,Restaurant,Pharmacy,Market,Hotel,High School,Commute,2
47,Central Tractor,Hotel,Restaurant,Market,Stores,University,Sports,Shopping Mall,Pharmacy,High School,Commute,0
48,Central Vehicle,Hotel,Restaurant,Market,Stores,University,Sports,Shopping Mall,Pharmacy,High School,Commute,0
49,Chand Nagar,Stores,Restaurant,Sports,Shopping Mall,University,Pharmacy,Market,Hotel,High School,Commute,2
50,Chandni Chowk,Market,Hotel,Restaurant,Stores,Commute,University,Sports,Shopping Mall,Pharmacy,High School,0
51,Chankyapuri,Hotel,Sports,Restaurant,Shopping Mall,University,Stores,Pharmacy,Market,High School,Commute,0
52,Chawri Bazar,Hotel,Restaurant,Market,Stores,Sports,Commute,University,Shopping Mall,Pharmacy,High School,0
53,Chilla Villege,Hotel,Stores,Commute,Sports,Shopping Mall,Restaurant,University,Pharmacy,Market,High School,2
54,Civil Lines,Commute,Stores,Market,Hotel,University,Sports,Shopping Mall,Restaurant,Pharmacy,High School,1
55,Connaught Place,Hotel,Restaurant,Stores,Commute,University,Sports,Shopping Mall,Pharmacy,Market,High School,0
56,Constitution House,Hotel,Restaurant,Stores,Commute,University,Sports,Shopping Mall,Pharmacy,Market,High School,0
57,D D A Munirka,Stores,Shopping Mall,Restaurant,Sports,Market,University,Pharmacy,Hotel,High School,Commute,2
58,D D A Salam,ATM,University,Stores,Sports,Shopping Mall,Restaurant,Pharmacy,Market,Hotel,High School,2
59,D I Area,Hotel,Restaurant,Stores,Commute,University,Sports,Shopping Mall,Pharmacy,Market,High School,0
60,Dada Ghosh Bhawan,Stores,Shopping Mall,Market,Commute,University,Sports,Restaurant,Pharmacy,Hotel,High School,2
61,Dakshimpuri Phase I,Stores,Hotel,Restaurant,Shopping Mall,Sports,University,Pharmacy,Market,High School,Commute,2
62,Dakshinpuri Phase III,Stores,Hotel,Restaurant,Shopping Mall,Sports,University,Pharmacy,Market,High School,Commute,2
63,Dareeba,Hotel,Stores,Restaurant,Market,Commute,University,Sports,Shopping Mall,Pharmacy,High School,0
64,Dargah Shareef,Commute,Sports,Hotel,Bank,University,Stores,Shopping Mall,Restaurant,Pharmacy,Market,1
65,Darya Ganj,Sports,Commute,Hotel,University,Stores,Shopping Mall,Restaurant,Pharmacy,Market,High School,1
66,Defence Colony,Market,Restaurant,Stores,Commute,Sports,Shopping Mall,Hotel,University,Pharmacy,High School,2
67,Defence Head Qrs,Hotel,Restaurant,Sports,Commute,Market,University,Stores,Shopping Mall,Pharmacy,High School,0
68,Delhi Cantt,Stores,Shopping Mall,University,Sports,Restaurant,Pharmacy,Market,Hotel,High School,Commute,2
69,Delhi Cloth Mills,Hotel,Market,Restaurant,Stores,Commute,University,Sports,Shopping Mall,Pharmacy,High School,0
70,Delhi G P O,Hotel,Restaurant,Stores,Commute,University,Sports,Shopping Mall,Pharmacy,Market,High School,0
71,Delhi High Court,ATM,University,Stores,Sports,Shopping Mall,Restaurant,Pharmacy,Market,Hotel,High School,2
72,Delhi Sadar Bazar,Stores,Shopping Mall,University,Sports,Restaurant,Pharmacy,Market,Hotel,High School,Commute,2
73,Delhi University,Commute,Sports,Restaurant,Hotel,University,Stores,Shopping Mall,Pharmacy,Market,High School,1
74,Depot,Sports,University,Stores,Shopping Mall,Restaurant,Pharmacy,Market,Hotel,High School,Commute,2
75,Desh Bandhu Gupta Road,Hotel,Restaurant,Stores,Commute,University,Sports,Shopping Mall,Pharmacy,Market,High School,0
76,Dhaula Khuan,Sports,Hotel,University,Stores,Restaurant,Shopping Mall,Pharmacy,Market,High School,Commute,2
77,Dilshad Garden,Sports,Commute,Bank,University,Stores,Shopping Mall,Restaurant,Pharmacy,Market,Hotel,1
78,Distt Courts,Commute,Stores,Sports,Hotel,University,Shopping Mall,Restaurant,Pharmacy,Market,High School,1
79,E S I Hospital,Stores,Shopping Mall,Hotel,University,Sports,Restaurant,Pharmacy,Market,High School,Commute,2
80,East Of Kailash,Market,Stores,Restaurant,Hotel,Shopping Mall,University,Sports,Pharmacy,High School,Commute,2
81,Eastern Court,Hotel,Sports,Restaurant,Commute,Stores,University,Shopping Mall,Pharmacy,Market,High School,0
82,Election Commission,Hotel,Restaurant,Stores,Commute,University,Sports,Shopping Mall,Pharmacy,Market,High School,0
83,Farashkhana,Hotel,Market,Restaurant,Stores,Commute,University,Sports,Shopping Mall,Pharmacy,High School,0
84,Fateh Nagar,Stores,Restaurant,Shopping Mall,Commute,University,Sports,Pharmacy,Market,Hotel,High School,2
85,Fatehpuri,Hotel,Market,Restaurant,Stores,Commute,University,Sports,Shopping Mall,Pharmacy,High School,0
86,Flatted Factories Complex,Sports,Commute,Bank,University,Stores,Shopping Mall,Restaurant,Pharmacy,Market,Hotel,2
87,G T S Nagar,Sports,Hotel,Commute,Stores,Shopping Mall,University,Restaurant,Pharmacy,Market,High School,2
88,Gandhi Nagar,Sports,University,Stores,Shopping Mall,Restaurant,Pharmacy,Market,Hotel,High School,Commute,2
89,Gandhi Nagar Bazar,Sports,University,Stores,Shopping Mall,Restaurant,Pharmacy,Market,Hotel,High School,Commute,2
90,Ganeshpuri,Commute,Sports,Market,Hotel,University,Stores,Shopping Mall,Restaurant,Pharmacy,High School,1
91,Geeta Colony,Sports,University,Stores,Shopping Mall,Restaurant,Pharmacy,Market,Hotel,High School,Commute,2
92,Gobindpura,Shopping Mall,Stores,Sports,Hotel,Commute,University,Restaurant,Pharmacy,Market,High School,2
93,Gokulpuri,ATM,Stores,Sports,University,Shopping Mall,Restaurant,Pharmacy,Market,Hotel,High School,2
94,Golf Links,Hotel,Sports,Restaurant,Market,Commute,University,Stores,Shopping Mall,Pharmacy,High School,0
95,Govindpuri,Market,Commute,Stores,Restaurant,Hotel,University,Sports,Shopping Mall,Pharmacy,High School,2
96,Greater Kailash,Market,Stores,Restaurant,Hotel,Shopping Mall,University,Sports,Pharmacy,High School,Commute,2
97,Greater Kailash Ii,Market,Stores,Restaurant,Hotel,Shopping Mall,University,Sports,Pharmacy,High School,Commute,2
98,Green Park,Restaurant,Market,Sports,Commute,University,Stores,Shopping Mall,Pharmacy,Hotel,High School,2
99,Green Park Market,Restaurant,Market,Sports,Hotel,Commute,University,Stores,Shopping Mall,Pharmacy,High School,2
100,Guatam Nagar,Market,Sports,Restaurant,Stores,Commute,University,Shopping Mall,Pharmacy,Hotel,High School,2
101,Gujranwala Nagar Part Ii,Sports,Restaurant,Commute,University,Stores,Shopping Mall,Pharmacy,Market,Hotel,High School,2
102,Gulmohar Park,Restaurant,Sports,Market,University,Stores,Shopping Mall,Pharmacy,Hotel,High School,Commute,2
103,Gurgaon Road,Hotel,Shopping Mall,Commute,University,Stores,Sports,Restaurant,Pharmacy,Market,High School,0
104,Guru Gobind Singh Marg,Sports,Commute,University,Stores,Shopping Mall,Restaurant,Pharmacy,Market,Hotel,High School,1
105,Gymkhana Club,Stores,Sports,Hotel,University,Shopping Mall,Restaurant,Pharmacy,Market,High School,Commute,2
106,Haiderpur,Stores,Commute,Restaurant,Hotel,University,Sports,Shopping Mall,Pharmacy,Market,High School,2
107,Hamdard Dawakhana,Hotel,Market,Restaurant,Stores,Commute,University,Sports,Shopping Mall,Pharmacy,High School,0
108,Hari Nagar Ashram,Hotel,Stores,Sports,Restaurant,Market,University,Shopping Mall,Pharmacy,High School,Commute,0
109,Hari Nagar Be Block,Hotel,Market,Commute,University,Stores,Sports,Shopping Mall,Restaurant,Pharmacy,High School,0
110,Hari Nagar Da & Db Block,Commute,Market,University,Stores,Sports,Shopping Mall,Restaurant,Pharmacy,Hotel,High School,1
111,Harijan Sewak Sangh,Commute,Shopping Mall,Restaurant,Bank,University,Stores,Sports,Pharmacy,Market,Hotel,1
112,Hauz Khas,Restaurant,Sports,Market,University,Stores,Shopping Mall,Pharmacy,Hotel,High School,Commute,2
113,Hauz Khas Market,Restaurant,Sports,Market,University,Stores,Shopping Mall,Pharmacy,Hotel,High School,Commute,2
114,Hauz Qazi,Hotel,Market,Restaurant,Stores,Sports,Commute,University,Shopping Mall,Pharmacy,High School,0
115,Hazrat Nizamuddin,Hotel,Sports,Restaurant,Market,Stores,Commute,University,Shopping Mall,Pharmacy,High School,0
116,Himayunpur Extn,Restaurant,Market,Sports,Shopping Mall,Hotel,University,Stores,Pharmacy,High School,Commute,2
117,Himmatpuri,Hotel,Stores,Shopping Mall,Restaurant,Market,Commute,University,Sports,Pharmacy,High School,0
118,I I T Hauz Khas,Restaurant,Market,Sports,University,Stores,Shopping Mall,Pharmacy,Hotel,High School,Commute,2
119,Idgah Road I S B T,Sports,Hotel,Stores,Shopping Mall,University,Restaurant,Pharmacy,Market,High School,Commute,2
120,Inderlok,Sports,Commute,Market,Hotel,University,Stores,Shopping Mall,Restaurant,Pharmacy,High School,1
121,Inderpuri,Hotel,University,Stores,Sports,Shopping Mall,Restaurant,Pharmacy,Market,High School,Commute,0
122,Indian Agriculture,Sports,Market,Hotel,Commute,University,Stores,Shopping Mall,Restaurant,Pharmacy,High School,2
123,Indraprastha Estate,Sports,Commute,Stores,Hotel,University,Shopping Mall,Restaurant,Pharmacy,Market,High School,1
124,Indraprastha H O,ATM,Market,University,Stores,Sports,Shopping Mall,Restaurant,Pharmacy,Hotel,High School,2
125,Industrial Area,Sports,Hotel,Commute,Stores,Shopping Mall,University,Restaurant,Pharmacy,Market,High School,2
126,J 6 Block Rajouri Garden,Restaurant,Hotel,Commute,Stores,Sports,Shopping Mall,Market,University,Pharmacy,High School,2
127,J J Colony,ATM,University,Stores,Sports,Shopping Mall,Restaurant,Pharmacy,Market,Hotel,High School,2
128,Jagjit Nagar,Bank,University,Stores,Sports,Shopping Mall,Restaurant,Pharmacy,Market,Hotel,High School,2
129,Jahangirpuri Block A,Commute,Stores,ATM,University,Sports,Shopping Mall,Restaurant,Pharmacy,Market,Hotel,1
130,Jahangirpuri Block D,Commute,University,Stores,Sports,Shopping Mall,Restaurant,Pharmacy,Market,Hotel,High School,1
131,Jahangirpuri Block H,Commute,Hotel,University,Stores,Sports,Shopping Mall,Restaurant,Pharmacy,Market,High School,1
132,Jama Masjid,Hotel,Market,Restaurant,Stores,Sports,Commute,University,Shopping Mall,Pharmacy,High School,0
133,Jamia Nagar,Sports,Hotel,University,Stores,Shopping Mall,Restaurant,Pharmacy,Market,High School,Commute,0
134,Janakpuri,Commute,Shopping Mall,Restaurant,Bank,University,Stores,Sports,Pharmacy,Market,Hotel,1
135,Janakpuri Block C 4,Commute,Shopping Mall,Restaurant,Market,Bank,University,Stores,Sports,Pharmacy,Hotel,1
136,Janakpuri Block D 1,Stores,Restaurant,Shopping Mall,Commute,Bank,University,Sports,Pharmacy,Market,Hotel,2
137,Janakpuri Blockc 2,Sports,Shopping Mall,Restaurant,Commute,University,Stores,Pharmacy,Market,Hotel,High School,2
138,Jangpura,Hotel,Restaurant,Market,Commute,Stores,Sports,University,Shopping Mall,Pharmacy,High School,0
139,Janpath,Hotel,Restaurant,Sports,Market,Commute,University,Stores,Shopping Mall,Pharmacy,High School,0
140,Janta Market,Commute,Sports,Shopping Mall,Hotel,University,Stores,Restaurant,Pharmacy,Market,High School,1
141,Jaroda Majra,ATM,University,Stores,Sports,Shopping Mall,Restaurant,Pharmacy,Market,Hotel,High School,2
142,Jawahar Lal Nehru Stadium,Market,Hotel,Restaurant,Sports,Commute,Airport,University,Stores,Shopping Mall,Pharmacy,2
143,Jawahar Lal Nehru Univers,Hotel,Market,Commute,University,Stores,Sports,Shopping Mall,Restaurant,Pharmacy,High School,0
144,Jawahar Nagar,ATM,University,Stores,Sports,Shopping Mall,Restaurant,Pharmacy,Market,Hotel,High School,2
145,Jawalpuri,Commute,Stores,Sports,University,Shopping Mall,Restaurant,Pharmacy,Market,Hotel,High School,1
146,Jeewan Park,Commute,Sports,Shopping Mall,Restaurant,University,Stores,Pharmacy,Market,Hotel,High School,1
147,Joshi Nagar,Hotel,Stores,Shopping Mall,University,Sports,Restaurant,Pharmacy,Market,High School,Commute,0
148,Kabool Nagar,Sports,Stores,Shopping Mall,Commute,University,Restaurant,Pharmacy,Market,Hotel,High School,2
149,Kailash,Shopping Mall,Commute,Sports,Restaurant,University,Stores,Pharmacy,Market,Hotel,High School,1
150,Kailash Colony,Market,Stores,Restaurant,Hotel,Sports,Commute,University,Shopping Mall,Pharmacy,High School,2
151,Kailash Nagar,Commute,University,Stores,Sports,Shopping Mall,Restaurant,Pharmacy,Market,Hotel,High School,1
152,Kalkaji,Market,Stores,Restaurant,Hotel,Commute,University,Sports,Shopping Mall,Pharmacy,High School,2
153,Kalyan Vas,Sports,Market,University,Stores,Shopping Mall,Restaurant,Pharmacy,Hotel,High School,Commute,2
154,Kalyanpuri,Sports,Market,Hotel,University,Stores,Shopping Mall,Restaurant,Pharmacy,High School,Commute,2
155,Kamla Nagar,Restaurant,Sports,Shopping Mall,Commute,University,Stores,Pharmacy,Market,Hotel,High School,2
156,Karampura,Commute,Stores,Shopping Mall,Market,University,Sports,Restaurant,Pharmacy,Hotel,High School,1
157,Karawal Nagar,ATM,Stores,University,Sports,Shopping Mall,Restaurant,Pharmacy,Market,Hotel,High School,2
158,Karol Bagh,Hotel,Commute,Sports,Market,University,Stores,Shopping Mall,Restaurant,Pharmacy,High School,0
159,Khanpur,Sports,Hotel,University,Stores,Shopping Mall,Restaurant,Pharmacy,Market,High School,Commute,0
160,Khera Kalan,Restaurant,ATM,University,Stores,Sports,Shopping Mall,Pharmacy,Market,Hotel,High School,2
161,Khichripur,Sports,Market,University,Stores,Shopping Mall,Restaurant,Pharmacy,Hotel,High School,Commute,2
162,Khyalla Phase I,Stores,Airport,University,Sports,Shopping Mall,Restaurant,Pharmacy,Market,Hotel,High School,2
163,Khyalla Phase II,Stores,ATM,University,Sports,Shopping Mall,Restaurant,Pharmacy,Market,Hotel,High School,2
164,Kidwai Nagar,Market,Sports,Shopping Mall,Restaurant,Commute,Airport,University,Stores,Pharmacy,Hotel,2
165,Kidwai Nagar West,Market,Sports,Hotel,Commute,Stores,Shopping Mall,Restaurant,Airport,University,Pharmacy,2
166,Kirby Place,Stores,Shopping Mall,Market,University,Sports,Restaurant,Pharmacy,Hotel,High School,Commute,2
167,Kirti Nagar,Commute,Shopping Mall,Restaurant,Market,University,Stores,Sports,Pharmacy,Hotel,High School,1
168,Krishan Nagar Bazar,Hotel,Commute,Sports,Market,University,Stores,Shopping Mall,Restaurant,Pharmacy,High School,0
169,Krishan Nagar H O,Hotel,University,Stores,Sports,Shopping Mall,Restaurant,Pharmacy,Market,High School,Commute,0
170,Krishi Bhawan,Hotel,Restaurant,Stores,Commute,University,Sports,Shopping Mall,Pharmacy,Market,High School,0
171,Krishna Market,Hotel,Restaurant,Commute,Stores,University,Sports,Shopping Mall,Pharmacy,Market,High School,0
172,Lady Harding Medical College,Market,Commute,University,Stores,Sports,Shopping Mall,Restaurant,Pharmacy,Hotel,High School,1
173,Lajpat Nagar,Market,Hotel,Restaurant,Stores,Commute,Shopping Mall,University,Sports,Pharmacy,High School,2
174,Lajpat Rai Chowk,Hotel,Market,Stores,Restaurant,University,Sports,Shopping Mall,Pharmacy,High School,Commute,0
175,Lancer Road Market,Commute,University,Stores,Sports,Shopping Mall,Restaurant,Pharmacy,Market,Hotel,High School,1
176,Lawrence Road,Commute,Sports,Shopping Mall,University,Stores,Restaurant,Pharmacy,Market,Hotel,High School,1
177,Laxmi Bai Nagar,Market,Sports,Commute,Shopping Mall,Hotel,University,Stores,Restaurant,Pharmacy,High School,2
178,Laxmi Nagar Market,Shopping Mall,Commute,University,Stores,Sports,Restaurant,Pharmacy,Market,Hotel,High School,1
179,Laxminarain Mandir,Commute,University,Stores,Sports,Shopping Mall,Restaurant,Pharmacy,Market,Hotel,High School,1
180,Lekhu Nagar,Commute,Sports,Market,Hotel,University,Stores,Shopping Mall,Restaurant,Pharmacy,High School,1
181,Lodi Colony Market,Hotel,Restaurant,Sports,Market,Commute,University,Stores,Shopping Mall,Pharmacy,High School,0
182,Lodi House Hostel,Restaurant,Market,Sports,Commute,University,Stores,Shopping Mall,Pharmacy,Hotel,High School,2
183,Lodi Road H O,Market,Sports,Restaurant,Commute,Shopping Mall,University,Stores,Pharmacy,Hotel,High School,2
184,Lok Nagar Bhawan,Hotel,Sports,Restaurant,Market,Commute,University,Stores,Shopping Mall,Pharmacy,High School,0
185,Lok Nayak Bhawan,Hotel,Restaurant,Sports,Market,Commute,University,Stores,Shopping Mall,Pharmacy,High School,0
186,Loni Road,Sports,Commute,University,Stores,Shopping Mall,Restaurant,Pharmacy,Market,Hotel,High School,1
187,Lower Camp Anand Parbat,Commute,Sports,Market,Hotel,University,Stores,Shopping Mall,Restaurant,Pharmacy,High School,1
188,Madangir,Stores,Hotel,Restaurant,Shopping Mall,Sports,Market,University,Pharmacy,High School,Commute,2
189,Madipur,Commute,Market,ATM,University,Stores,Sports,Shopping Mall,Restaurant,Pharmacy,Hotel,1
190,Mahabir Nagar,Stores,Shopping Mall,Restaurant,Commute,University,Sports,Pharmacy,Market,Hotel,High School,2
191,Maidens Hotel,Hotel,Restaurant,Market,Stores,University,Sports,Shopping Mall,Pharmacy,High School,Commute,0
192,Major Bhupinder Singh Nag,Market,Hotel,Stores,Restaurant,Commute,University,Sports,Shopping Mall,Pharmacy,High School,2
193,Malcha Marg,Hotel,Sports,Restaurant,Shopping Mall,University,Stores,Pharmacy,Market,High School,Commute,0
194,Malka Ganj,Sports,Restaurant,Hotel,Commute,University,Stores,Shopping Mall,Pharmacy,Market,High School,2
195,Malka Ganj Market,Sports,Hotel,Commute,University,Stores,Shopping Mall,Restaurant,Pharmacy,Market,High School,2
196,Malviya Nagar,Stores,Hotel,Shopping Mall,Restaurant,Market,University,Sports,Pharmacy,High School,Commute,2
197,Mangolpuri,Commute,University,Stores,Sports,Shopping Mall,Restaurant,Pharmacy,Market,Hotel,High School,1
198,Mangolpuri Block 1,Commute,University,Stores,Sports,Shopping Mall,Restaurant,Pharmacy,Market,Hotel,High School,1
199,Mangolpuri Block A,Commute,University,Stores,Sports,Shopping Mall,Restaurant,Pharmacy,Market,Hotel,High School,1
200,Mangolpuri Block S,Commute,University,Stores,Sports,Shopping Mall,Restaurant,Pharmacy,Market,Hotel,High School,1
201,Mansarover Garden,Hotel,Commute,Sports,Restaurant,Market,University,Stores,Shopping Mall,Pharmacy,High School,0
202,Mansarover Park,Commute,Sports,Stores,Shopping Mall,Hotel,Bank,University,Restaurant,Pharmacy,Market,1
203,Masjid Moth Extn,Market,Sports,Stores,Restaurant,Commute,University,Shopping Mall,Pharmacy,Hotel,High School,2
204,Masjidmoth Phase Ii,Stores,Market,Hotel,Shopping Mall,Sports,Restaurant,University,Pharmacy,High School,Commute,2
205,Maujpur,Sports,Commute,University,Stores,Shopping Mall,Restaurant,Pharmacy,Market,Hotel,High School,2
206,Mayapuri,Hotel,Market,Commute,University,Stores,Sports,Shopping Mall,Restaurant,Pharmacy,High School,0
207,Mayapuri Shopping Centre,Sports,Hotel,Commute,University,Stores,Shopping Mall,Restaurant,Pharmacy,Market,High School,2
208,Mehrau;I,Sports,Commute,Restaurant,University,Stores,Shopping Mall,Pharmacy,Market,Hotel,High School,2
209,Minto Road,Hotel,Stores,Market,Restaurant,University,Sports,Shopping Mall,Pharmacy,High School,Commute,0
210,Model Basti,Hotel,Restaurant,Commute,Stores,Sports,University,Shopping Mall,Pharmacy,Market,High School,0
211,Model Town A Block,Restaurant,Stores,University,Sports,Shopping Mall,Pharmacy,Market,Hotel,High School,Commute,2
212,Model Town Ii,Restaurant,Commute,University,Stores,Sports,Shopping Mall,Pharmacy,Market,Hotel,High School,1
213,Mori Gate,Market,Hotel,Stores,Restaurant,Commute,University,Sports,Shopping Mall,Pharmacy,High School,2
214,Moti Bagh,Sports,Restaurant,Hotel,University,Stores,Market,Shopping Mall,Pharmacy,High School,Commute,2
215,Moti Nagar,Commute,Market,Sports,Shopping Mall,Restaurant,Hotel,University,Stores,Pharmacy,High School,2
216,Mukerjee Nagar,Commute,University,Stores,Sports,Shopping Mall,Restaurant,Pharmacy,Market,Hotel,High School,1
217,Multani Dhanda,Hotel,Restaurant,Stores,University,Sports,Shopping Mall,Pharmacy,Market,High School,Commute,0
218,Multani Mohalla,Sports,University,Stores,Shopping Mall,Restaurant,Pharmacy,Market,Hotel,High School,Commute,2
219,Munirka,Stores,Shopping Mall,Restaurant,Sports,Market,University,Pharmacy,Hotel,High School,Commute,2
220,N Block Greater,Market,Restaurant,Stores,Sports,Hotel,Commute,University,Shopping Mall,Pharmacy,High School,2
221,N I E Compus,Commute,Shopping Mall,Stores,Sports,Hotel,University,Restaurant,Pharmacy,Market,High School,1
222,N P Laboratories,ATM,University,Stores,Sports,Shopping Mall,Restaurant,Pharmacy,Market,Hotel,High School,2
223,Nagloi,Commute,Stores,Sports,University,Shopping Mall,Restaurant,Pharmacy,Market,Hotel,High School,1
224,Najafgarh,Stores,ATM,University,Sports,Shopping Mall,Restaurant,Pharmacy,Market,Hotel,High School,2
225,Najafgarh Road,Commute,Stores,Shopping Mall,Market,Hotel,University,Sports,Restaurant,Pharmacy,High School,1
226,Nanakpura,Stores,Market,Commute,University,Sports,Shopping Mall,Restaurant,Pharmacy,Hotel,High School,2
227,Nand Nagri,ATM,Stores,University,Sports,Shopping Mall,Restaurant,Pharmacy,Market,Hotel,High School,2
228,Nand Nagri A Block,ATM,Stores,University,Sports,Shopping Mall,Restaurant,Pharmacy,Market,Hotel,High School,2
229,Nangal Rava,Stores,Market,University,Sports,Shopping Mall,Restaurant,Pharmacy,Hotel,High School,Commute,2
230,Nangloi Phase Iii,Stores,ATM,University,Sports,Shopping Mall,Restaurant,Pharmacy,Market,Hotel,High School,2
231,Naraina,Sports,Hotel,University,Stores,Shopping Mall,Restaurant,Pharmacy,Market,High School,Commute,0
232,Naraina Industrial Estate,Sports,Hotel,University,Stores,Shopping Mall,Restaurant,Pharmacy,Market,High School,Commute,0
233,Naraina Vihar,Hotel,Sports,Restaurant,University,Stores,Shopping Mall,Pharmacy,Market,High School,Commute,0
234,Narela,Stores,University,Sports,Shopping Mall,Restaurant,Pharmacy,Market,Hotel,High School,Commute,2
235,Narela Town,Stores,University,Sports,Shopping Mall,Restaurant,Pharmacy,Market,Hotel,High School,Commute,2
236,Nathu Colony,Sports,Commute,University,Stores,Shopping Mall,Restaurant,Pharmacy,Market,Hotel,High School,1
237,Nauroji Nagar,Market,Sports,Restaurant,Hotel,Commute,Shopping Mall,University,Stores,Pharmacy,High School,2
238,Nehru Nagar,Commute,Hotel,University,Stores,Sports,Shopping Mall,Restaurant,Pharmacy,Market,High School,1
239,Nehru Place,Market,Hotel,Stores,Restaurant,Pharmacy,Commute,University,Sports,Shopping Mall,High School,2
240,Netaji Nagar,Sports,Hotel,Shopping Mall,Market,University,Stores,Restaurant,Pharmacy,High School,Commute,2
241,New Delhi G P O,Sports,Hotel,Commute,University,Stores,Shopping Mall,Restaurant,Pharmacy,Market,High School,2
242,New Rajinder Nagar,Hotel,Market,Sports,Commute,University,Stores,Shopping Mall,Restaurant,Pharmacy,High School,0
243,New Sabzi Mandi,Sports,Hotel,Stores,Shopping Mall,University,Restaurant,Pharmacy,Market,High School,Commute,2
244,New Seemapuri,Commute,University,Stores,Sports,Shopping Mall,Restaurant,Pharmacy,Market,Hotel,High School,1
245,Nidhi,Market,Restaurant,Stores,Sports,Hotel,Commute,Shopping Mall,University,Pharmacy,High School,2
246,Nimri,Restaurant,Market,Sports,University,Stores,Shopping Mall,Pharmacy,Hotel,High School,Commute,2
247,Nirankari Colony,Commute,University,Stores,Sports,Shopping Mall,Restaurant,Pharmacy,Market,Hotel,High School,1
248,Nirman Bhawan,Hotel,Restaurant,Sports,Market,Commute,University,Stores,Shopping Mall,Pharmacy,High School,0
249,North Avenue,Hotel,Restaurant,Commute,University,Stores,Sports,Shopping Mall,Pharmacy,Market,High School,0
250,North Industrial Area,Commute,Market,Hotel,Stores,Sports,Shopping Mall,University,Restaurant,Pharmacy,High School,1
251,Oberei Intercontinental,Market,Hotel,Stores,Sports,Restaurant,Commute,University,Shopping Mall,Pharmacy,High School,2
252,Okhla Industrial Estate,Restaurant,Hotel,University,Stores,Sports,Shopping Mall,Pharmacy,Market,High School,Commute,0
253,Onkar Nagar,Commute,Sports,Market,Hotel,University,Stores,Shopping Mall,Restaurant,Pharmacy,High School,1
254,Organisation,Hotel,Commute,Restaurant,Stores,University,Sports,Shopping Mall,Pharmacy,Market,High School,0
255,P S B Paharganj,Hotel,Stores,Restaurant,Market,University,Sports,Shopping Mall,Pharmacy,High School,Commute,0
256,Paharganj,Hotel,Stores,Restaurant,Market,University,Sports,Shopping Mall,Pharmacy,High School,Commute,0
257,Palam Enclave,Stores,Shopping Mall,University,Sports,Restaurant,Pharmacy,Market,Hotel,High School,Commute,2
258,Panchseel Enclave,Stores,Market,Restaurant,Shopping Mall,Hotel,University,Sports,Pharmacy,High School,Commute,2
259,Pandara Road,Hotel,Restaurant,Sports,Market,Commute,Stores,University,Shopping Mall,Pharmacy,High School,0
260,Parliament House,Hotel,Restaurant,Stores,Sports,Commute,University,Shopping Mall,Pharmacy,Market,High School,0
261,Parliament Street H O,Hotel,Restaurant,Stores,Commute,University,Sports,Shopping Mall,Pharmacy,Market,High School,0
262,Partap Nagar,Stores,Sports,Hotel,Commute,University,Shopping Mall,Restaurant,Pharmacy,Market,High School,2
263,Paschim Vihar,Commute,Market,Hotel,ATM,University,Stores,Sports,Shopping Mall,Restaurant,Pharmacy,1
264,Paschim Vihar Block B,Commute,Restaurant,Sports,Market,Hotel,ATM,University,Stores,Shopping Mall,Pharmacy,1
265,Patel Nagar,Market,Hotel,University,Stores,Sports,Shopping Mall,Restaurant,Pharmacy,High School,Commute,0
266,Patel Nagar East,Hotel,Sports,Market,High School,University,Stores,Shopping Mall,Restaurant,Pharmacy,Commute,0
267,Patel Nagar South,Market,Hotel,Sports,University,Stores,Shopping Mall,Restaurant,Pharmacy,High School,Commute,0
268,Patel Nagar West,Market,Hotel,University,Stores,Sports,Shopping Mall,Restaurant,Pharmacy,High School,Commute,0
269,Patiala House,Hotel,Restaurant,Stores,Commute,University,Sports,Shopping Mall,Pharmacy,Market,High School,0
270,Patper Ganj,Sports,Market,Commute,University,Stores,Shopping Mall,Restaurant,Pharmacy,Hotel,High School,2
271,Patrachar Road,Stores,Shopping Mall,Hotel,Commute,University,Sports,Restaurant,Pharmacy,Market,High School,2
272,Patrachar Vidyala,Stores,Shopping Mall,Hotel,Commute,University,Sports,Restaurant,Pharmacy,Market,High School,2
273,Pitampura,Commute,Sports,Shopping Mall,Hotel,University,Stores,Restaurant,Pharmacy,Market,High School,1
274,Possangipur,Commute,Shopping Mall,Restaurant,University,Stores,Sports,Pharmacy,Market,Hotel,High School,1
275,Postal Saving Bureau,Hotel,Restaurant,Stores,Commute,University,Sports,Shopping Mall,Pharmacy,Market,High School,0
276,Power House,Restaurant,Market,Sports,Hotel,Shopping Mall,Commute,University,Stores,Pharmacy,High School,2
277,Pragati Maidan,Sports,Restaurant,Hotel,Commute,Stores,University,Shopping Mall,Pharmacy,Market,High School,2
278,Pragati Vihar,Hotel,Restaurant,Market,Sports,Stores,Commute,University,Shopping Mall,Pharmacy,High School,2
279,Punjabi Bagh,Commute,Restaurant,Market,Hotel,University,Stores,Sports,Shopping Mall,Pharmacy,High School,1
280,Punjabi Bagh Sector Iii,Commute,Restaurant,Market,Hotel,University,Stores,Sports,Shopping Mall,Pharmacy,High School,1
281,Pushpa Bhawan,Stores,Hotel,Shopping Mall,Restaurant,Sports,University,Pharmacy,Market,High School,Commute,2
282,Pushpa Vihar Sector I,Hotel,Stores,Restaurant,Shopping Mall,Sports,University,Pharmacy,Market,High School,Commute,2
283,Qr Madipur,Commute,Market,ATM,University,Stores,Sports,Shopping Mall,Restaurant,Pharmacy,Hotel,1
284,R K Puram,Sports,Restaurant,Stores,Hotel,Shopping Mall,Pharmacy,Market,University,High School,Commute,2
285,R K Puram Sector I,Sports,Restaurant,University,Stores,Market,Hotel,Shopping Mall,Pharmacy,High School,Commute,2
286,R K Puram Sector II,Restaurant,Market,Sports,Stores,Shopping Mall,Hotel,University,Pharmacy,High School,Commute,2
287,R K Puram Sector III,Restaurant,Market,Stores,Sports,Hotel,University,Shopping Mall,Pharmacy,High School,Commute,2
288,R K Puram Sector IX,Sports,Hotel,University,Stores,Restaurant,Pharmacy,Market,Commute,Shopping Mall,High School,2
289,R K Puram Sector Iv,Restaurant,Stores,Sports,Market,Shopping Mall,Pharmacy,Hotel,University,High School,Commute,2
290,R K Puram Sector VII,Sports,Restaurant,Market,University,Stores,Hotel,Bank,Shopping Mall,Pharmacy,High School,2
291,R K Puram Sector VIII,Sports,Restaurant,Market,University,Stores,Shopping Mall,Pharmacy,Hotel,High School,Commute,2
292,R K Puram Sector XII,Sports,Hotel,University,Shopping Mall,Pharmacy,Market,Stores,Restaurant,High School,Commute,2
293,R K Puram V,Sports,Restaurant,Stores,Hotel,Shopping Mall,Pharmacy,Market,University,High School,Commute,2
294,R K Puram West,Market,Restaurant,Sports,Shopping Mall,Stores,Hotel,University,Pharmacy,High School,Commute,2
295,Radheypuri,Shopping Mall,Hotel,Stores,Sports,Commute,University,Restaurant,Pharmacy,Market,High School,2
296,Raghubarpura,Sports,University,Stores,Shopping Mall,Restaurant,Pharmacy,Market,Hotel,High School,Commute,2
297,Rail Bhawan,Hotel,Restaurant,Stores,Commute,University,Sports,Shopping Mall,Pharmacy,Market,High School,0
298,Rajghat Power House,Hotel,Commute,University,Stores,Sports,Shopping Mall,Restaurant,Pharmacy,Market,High School,0
299,Rajinder Nagar,Hotel,Market,Sports,Commute,University,Stores,Shopping Mall,Restaurant,Pharmacy,High School,0
300,Rajouri Garden,Restaurant,Hotel,Commute,Stores,Sports,Shopping Mall,Market,University,Pharmacy,High School,2
301,Rajouri Market,Hotel,Stores,Shopping Mall,Restaurant,University,Sports,Pharmacy,Market,High School,Commute,0
302,Ram Nagar,Commute,Sports,Bank,University,Stores,Shopping Mall,Restaurant,Pharmacy,Market,Hotel,1
303,Ramesh Nagar H O,Sports,University,Stores,Shopping Mall,Restaurant,Pharmacy,Market,Hotel,High School,Commute,2
304,Rana Pratap Bagh,Restaurant,Stores,Sports,University,Shopping Mall,Pharmacy,Market,Hotel,High School,Commute,2
305,Rani Bagh,Commute,Shopping Mall,University,Stores,Sports,Restaurant,Pharmacy,Market,Hotel,High School,1
306,Rashtrapati Bhawan,Hotel,Restaurant,Sports,Commute,University,Stores,Shopping Mall,Pharmacy,Market,High School,0
307,Ravinder Rangsala,ATM,University,Stores,Sports,Shopping Mall,Restaurant,Pharmacy,Market,Hotel,High School,2
308,Red Fort,Market,Hotel,Stores,Sports,Restaurant,Commute,University,Shopping Mall,Pharmacy,High School,2
309,Research Institute,Hotel,Market,Restaurant,Stores,Sports,Commute,University,Shopping Mall,Pharmacy,High School,0
310,Rly C A O,Commute,Sports,ATM,University,Stores,Shopping Mall,Restaurant,Pharmacy,Market,Hotel,1
311,Rohtash Nagar,Commute,Sports,Bank,University,Stores,Shopping Mall,Restaurant,Pharmacy,Market,Hotel,1
312,Roop Nagar,Restaurant,Sports,Shopping Mall,University,Stores,Pharmacy,Market,Hotel,High School,Commute,2
313,Roshan Area Road,Commute,Stores,Sports,University,Shopping Mall,Restaurant,Pharmacy,Market,Hotel,High School,1
314,Sadar Thana Road,Hotel,Restaurant,Commute,Stores,Market,University,Sports,Shopping Mall,Pharmacy,High School,0
315,Sadiq Nagar,Market,Stores,Sports,Restaurant,Commute,University,Shopping Mall,Pharmacy,Hotel,High School,2
316,Safdarjang Air Port,Market,Sports,Commute,Shopping Mall,Restaurant,Hotel,University,Stores,Pharmacy,High School,2
317,Safdarjang Enclave,Market,Sports,Restaurant,Hotel,Shopping Mall,Commute,University,Stores,Pharmacy,High School,2
318,Sahstri Nagar,Shopping Mall,Sports,Commute,University,Stores,Restaurant,Pharmacy,Market,Hotel,High School,2
319,Sameypur Badli,Commute,Stores,University,Sports,Shopping Mall,Restaurant,Pharmacy,Market,Hotel,High School,1
320,Sanoth,ATM,University,Stores,Sports,Shopping Mall,Restaurant,Pharmacy,Market,Hotel,High School,2
321,Sansadiya Soudha,Market,Restaurant,Hotel,Stores,Commute,University,Sports,Shopping Mall,Pharmacy,High School,2
322,Sarai Rohila,Commute,Sports,Hotel,University,Stores,Shopping Mall,Restaurant,Pharmacy,Market,High School,1
323,Saraswati Vihar,Commute,University,Stores,Sports,Shopping Mall,Restaurant,Pharmacy,Market,Hotel,High School,1
324,Sarojini Nagar H O,Hotel,Sports,Shopping Mall,Market,University,Stores,Restaurant,Pharmacy,High School,Commute,0
325,Sat Nahar,Hotel,Commute,Sports,Market,University,Stores,Shopping Mall,Restaurant,Pharmacy,High School,0
326,Satyawati Nagar,Restaurant,Stores,Sports,Market,University,Shopping Mall,Pharmacy,Hotel,High School,Commute,2
327,Sectt North,Restaurant,Stores,Commute,Hotel,University,Sports,Shopping Mall,Pharmacy,Market,High School,2
328,Sectt South,Hotel,University,Stores,Sports,Shopping Mall,Restaurant,Pharmacy,Market,High School,Commute,0
329,Seelampur,Sports,Commute,University,Stores,Shopping Mall,Restaurant,Pharmacy,Market,Hotel,High School,2
330,Seemapuri Old,Sports,Commute,University,Stores,Shopping Mall,Restaurant,Pharmacy,Market,Hotel,High School,1
331,Sewa Sangh,Commute,Hotel,Stores,Shopping Mall,Sports,Restaurant,Bank,University,Pharmacy,Market,2
332,Shahdara,Commute,Sports,Bank,University,Stores,Shopping Mall,Restaurant,Pharmacy,Market,Hotel,1
333,Shahdara Mandi,Sports,Shopping Mall,Hotel,Stores,Commute,University,Restaurant,Pharmacy,Market,High School,2
334,Shahjahan Road,Hotel,Restaurant,Sports,Commute,Market,University,Stores,Shopping Mall,Pharmacy,High School,0
335,Shakarpur,Shopping Mall,Commute,University,Stores,Sports,Restaurant,Pharmacy,Market,Hotel,High School,1
336,Shakti Nagar,Commute,Sports,Market,Hotel,University,Stores,Shopping Mall,Restaurant,Pharmacy,High School,1
337,Shakurbasti,Commute,Market,ATM,University,Stores,Sports,Shopping Mall,Restaurant,Pharmacy,Hotel,1
338,Shakurbasti R S,Commute,Market,ATM,University,Stores,Sports,Shopping Mall,Restaurant,Pharmacy,Hotel,1
339,Shakurpur Block I,Sports,Shopping Mall,Commute,Hotel,University,Stores,Restaurant,Pharmacy,Market,High School,2
340,Shalimar Bagh,Shopping Mall,Hotel,Commute,Sports,Restaurant,University,Stores,Pharmacy,Market,High School,2
341,Shastri Bhawan,Hotel,Restaurant,Stores,Sports,Commute,University,Shopping Mall,Pharmacy,Market,High School,0
342,Shastri Nagar,Shopping Mall,Sports,Commute,University,Stores,Restaurant,Pharmacy,Market,Hotel,High School,2
343,Shri Aurobindo,Hotel,Shopping Mall,Restaurant,Market,Commute,University,Stores,Sports,Pharmacy,High School,0
344,South Avenue,Sports,University,Stores,Shopping Mall,Restaurant,Pharmacy,Market,Hotel,High School,Commute,2
345,South Extn Part I,Market,Sports,Stores,Restaurant,Commute,Shopping Mall,Airport,University,Pharmacy,Hotel,2
346,South Extn Part Ii,Market,Sports,Stores,Restaurant,Commute,University,Shopping Mall,Pharmacy,Hotel,High School,2
347,South Malviya Nagar,Stores,Hotel,Shopping Mall,Restaurant,Market,University,Sports,Pharmacy,High School,Commute,2
348,Sriniwaspuri,Hotel,Stores,Restaurant,Market,Shopping Mall,Pharmacy,Commute,University,Sports,High School,0
349,Subhash Nagar,Restaurant,Hotel,Stores,Sports,Shopping Mall,Market,University,Pharmacy,High School,Commute,2
350,Subhash Nagar West,Restaurant,Hotel,Stores,Sports,Shopping Mall,Market,University,Pharmacy,High School,Commute,2
351,Subzi Mandi,Stores,Sports,Commute,University,Shopping Mall,Restaurant,Pharmacy,Market,Hotel,High School,2
352,Sudershan Park,Commute,Shopping Mall,Restaurant,Market,Hotel,University,Stores,Sports,Pharmacy,High School,1
353,Sultanpuri Block C,Stores,Airport,University,Sports,Shopping Mall,Restaurant,Pharmacy,Market,Hotel,High School,2
354,Sultanpuri Block F,Stores,Airport,University,Sports,Shopping Mall,Restaurant,Pharmacy,Market,Hotel,High School,2
355,Supreme Court,Stores,Sports,Commute,Shopping Mall,Restaurant,Hotel,University,Pharmacy,Market,High School,2
356,Suraj Nagar,Restaurant,Stores,Commute,University,Sports,Shopping Mall,Pharmacy,Market,Hotel,High School,2
357,Suttanpuri Block B,Stores,Airport,University,Sports,Shopping Mall,Restaurant,Pharmacy,Market,Hotel,High School,2
358,Swami Ram Tirath Nagar,Hotel,Restaurant,Stores,Market,University,Sports,Shopping Mall,Pharmacy,High School,Commute,0
359,T B Hospital,Commute,University,Stores,Sports,Shopping Mall,Restaurant,Pharmacy,Market,Hotel,High School,1
360,Tatarpur,Commute,University,Stores,Sports,Shopping Mall,Restaurant,Pharmacy,Market,Hotel,High School,1
361,Teliwara,Sports,Shopping Mall,Hotel,Stores,University,Restaurant,Pharmacy,Market,High School,Commute,2
362,Than Singh Nagar,Hotel,Commute,University,Stores,Sports,Shopping Mall,Restaurant,Pharmacy,Market,High School,0
363,Tihar,ATM,Stores,University,Sports,Shopping Mall,Restaurant,Pharmacy,Market,Hotel,High School,2
364,Tilak Nagar,Stores,Restaurant,Shopping Mall,Commute,University,Sports,Pharmacy,Market,Hotel,High School,2
365,Tilak Nagar East,Stores,Shopping Mall,Restaurant,Market,Commute,University,Sports,Pharmacy,Hotel,High School,2
366,Timarpur,Commute,University,Stores,Sports,Shopping Mall,Restaurant,Pharmacy,Market,Hotel,High School,1
367,Trilokpuri,Hotel,Stores,Shopping Mall,Restaurant,Market,Commute,University,Sports,Pharmacy,High School,2
368,Tughlakabad,Restaurant,Hotel,University,Stores,Sports,Shopping Mall,Pharmacy,Market,High School,Commute,0
369,Tughlakabad A F Station,Restaurant,Hotel,University,Stores,Sports,Shopping Mall,Pharmacy,Market,High School,Commute,0
370,U P S C,Market,Hotel,Stores,Restaurant,Commute,University,Sports,Shopping Mall,Pharmacy,High School,2
371,Udyog Bhawan,Hotel,Restaurant,Sports,Commute,Market,University,Stores,Shopping Mall,Pharmacy,High School,0
372,Uttam Nagar,Stores,Commute,University,Sports,Shopping Mall,Restaurant,Pharmacy,Market,Hotel,High School,1
373,Vasant Vihar I,Hotel,University,Stores,Sports,Shopping Mall,Restaurant,Pharmacy,Market,High School,Commute,0
374,Vasant Vihar II,Stores,Shopping Mall,Sports,Restaurant,Market,Pharmacy,Bank,University,Hotel,High School,2
375,Vikaspuri,Stores,Shopping Mall,Restaurant,Commute,University,Sports,Pharmacy,Market,Hotel,High School,2
376,Vishnu Garden,Restaurant,Stores,Shopping Mall,Market,Hotel,University,Sports,Pharmacy,High School,Commute,2
377,Vishwa Karma Nagar,Shopping Mall,Hotel,Stores,Sports,University,Restaurant,Pharmacy,Market,High School,Commute,2
378,Vishwan Nagar,Shopping Mall,Hotel,Stores,Sports,University,Restaurant,Pharmacy,Market,High School,Commute,2
379,Vivek Vihar,Sports,Hotel,Commute,Bank,University,Stores,Shopping Mall,Restaurant,Pharmacy,Market,2
380,Wazir Nagar,Market,Sports,Commute,Stores,Restaurant,Shopping Mall,Hotel,Airport,University,Pharmacy,2
381,Wazirpur Phase III,Sports,Restaurant,Stores,Market,Commute,University,Shopping Mall,Pharmacy,Hotel,High School,2
382,Work Shop,Stores,Commute,ATM,University,Sports,Shopping Mall,Restaurant,Pharmacy,Market,Hotel,2
383,Yamuna Vihar,ATM,Stores,Sports,University,Shopping Mall,Restaurant,Pharmacy,Market,Hotel,High School,2
384,Yusaf Sarai,Restaurant,Market,Sports,Commute,University,Stores,Shopping Mall,Pharmacy,Hotel,High School,2
385,Zafrabad,Commute,Sports,University,Stores,Shopping Mall,Restaurant,Pharmacy,Market,Hotel,High School,1
386,Zakhir Nagar,Hotel,Sports,University,Stores,Shopping Mall,Restaurant,Pharmacy,Market,High School,Commute,0
387,Zakhira,Commute,Hotel,University,Stores,Sports,Shopping Mall,Restaurant,Pharmacy,Market,High School,1
